rowid,country,country_long,name,gppd_idnr,capacity_mw,latitude,longitude,primary_fuel,other_fuel1,other_fuel2,other_fuel3,commissioning_year,owner,source,url,geolocation_source,wepp_id,year_of_capacity_data,generation_gwh_2013,generation_gwh_2014,generation_gwh_2015,generation_gwh_2016,generation_gwh_2017,generation_gwh_2018,generation_gwh_2019,generation_data_source,estimated_generation_gwh_2013,estimated_generation_gwh_2014,estimated_generation_gwh_2015,estimated_generation_gwh_2016,estimated_generation_gwh_2017,estimated_generation_note_2013,estimated_generation_note_2014,estimated_generation_note_2015,estimated_generation_note_2016,estimated_generation_note_2017
12479,DEU,Germany,ADS-Anlage,WRI1005572,96.5,50.0918,8.5311,Gas,,,,2012.0,Infraserv GmbH & Co. Höchst KG,Open Power System Data,http://data.open-power-system-data.org/,Open Power System Data,,,,,,,,,,,,,,,373.97,NO-ESTIMATION,NO-ESTIMATION,NO-ESTIMATION,NO-ESTIMATION,CAPACITY-FACTOR-V1
12490,DEU,Germany,Ahrensfelde,WRI1005574,150.0,52.5895,13.5587,Gas,,,,1990.0,Vattenfall Europe Generation AG,Open Power System Data,http://data.open-power-system-data.org/,Open Power System Data,1032913,,,,,,,,,,,,,,581.31,NO-ESTIMATION,NO-ESTIMATION,NO-ESTIMATION,NO-ESTIMATION,CAPACITY-FACTOR-V1
12522,DEU,Germany,BHKW,WRI1005586,13.0,49.0475,8.2816,Gas,,,,2013.0,Daimler AG,Open Power System Data,http://data.open-power-system-data.org/,Open Power System Data,,,,,,,,,,,,,,,50.38,NO-ESTIMATION,NO-ESTIMATION,NO-ESTIMATION,NO-ESTIMATION,CAPACITY-FACTOR-V1
12523,DEU,Germany,BHKW H.120,WRI1005588,16.9,51.2545,6.7865,Gas,,,,2012.0,Daimler AG,Open Power System Data,http://data.open-power-system-data.org/,Open Power System Data,,,,,,,,,,,,,,,65.49,NO-ESTIMATION,NO-ESTIMATION,NO-ESTIMATION,NO-ESTIMATION,CAPACITY-FACTOR-V1
12524,DEU,Germany,BHKW Ludwigshafen,WRI1005589,12.5,49.4531,8.4336,Gas,,,,2008.0,MVV Energie AG,Open Power System Data,http://data.open-power-system-data.org/,Open Power System Data,,,,,2980.12,2941.261,2809.345,,,JRC-PPDB-OPEN,,,,,48.44,NO-ESTIMATION,NO-ESTIMATION,NO-ESTIMATION,NO-ESTIMATION,CAPACITY-FACTOR-V1
12525,DEU,Germany,BHKW Obere Viehweide,WRI1005590,13.4,48.5109,9.0715,Gas,,,,2000.0,Stadtwerke Tübingen GmbH,Open Power System Data,http://data.open-power-system-data.org/,Open Power System Data,1048067,,,,,,,,,,,,,,51.93,NO-ESTIMATION,NO-ESTIMATION,NO-ESTIMATION,NO-ESTIMATION,CAPACITY-FACTOR-V1
12526,DEU,Germany,BHKW an Klinkerweg,WRI1005587,10.2,51.2169,6.9473,Gas,,,,2000.0,Stadtwerke Erkrath GmbH,Open Power System Data,http://data.open-power-system-data.org/,Open Power System Data,1116545,,,,,,,,,,,,,,39.52,NO-ESTIMATION,NO-ESTIMATION,NO-ESTIMATION,NO-ESTIMATION,CAPACITY-FACTOR-V1
12527,DEU,Germany,BHKW-Hauffstraße,WRI1005591,9.8,48.4939,9.1856,Gas,,,,2011.0,FairEnergie GmbH,Open Power System Data,http://data.open-power-system-data.org/,Open Power System Data,1116375,,,,,,,,,,,,,,37.97,NO-ESTIMATION,NO-ESTIMATION,NO-ESTIMATION,NO-ESTIMATION,CAPACITY-FACTOR-V1
12536,DEU,Germany,BP Werk Lingen,WRI1005617,66.0,52.5606,7.2952,Gas,,,,1996.0,BP Europa SE,Open Power System Data,http://data.open-power-system-data.org/,Open Power System Data,,,,,,,,,,,,,,,255.77,NO-ESTIMATION,NO-ESTIMATION,NO-ESTIMATION,NO-ESTIMATION,CAPACITY-FACTOR-V1
12580,DEU,Germany,Biomass Generator #20,WRI1006098,10.7,49.8587,7.8857,Gas,,,,2006.0,Michelin Reifenwerke AG & Co. KGaA Standort Bad Kreuznach,Open Power System Data,http://data.open-power-system-data.org/,Open Power System Data,,,,,,,,,,,,,,,41.46,NO-ESTIMATION,NO-ESTIMATION,NO-ESTIMATION,NO-ESTIMATION,CAPACITY-FACTOR-V1
12611,DEU,Germany,Bochum,WRI1005615,20.7,51.4833,7.2167,Gas,,,,2004.0,RWE Generation SE,Open Power System Data,http://data.open-power-system-data.org/,Open Power System Data,,,,,,,,,,,,,,,80.22,NO-ESTIMATION,NO-ESTIMATION,NO-ESTIMATION,NO-ESTIMATION,CAPACITY-FACTOR-V1
12661,DEU,Germany,Charlottenburg,WRI1005624,633.0,52.5219,13.3111,Gas,,,,1975.0,Vattenfall Europe Wärme AG,Open Power System Data,http://data.open-power-system-data.org/,Open Power System Data,1010988,,,,,,,,,,,,,,2453.12,NO-ESTIMATION,NO-ESTIMATION,NO-ESTIMATION,NO-ESTIMATION,CAPACITY-FACTOR-V1
12667,DEU,Germany,Co-Generation,WRI1005625,11.5,49.6633,8.3589,Gas,,,,1991.0,Grace GmbH & Co. KG,Open Power System Data,http://data.open-power-system-data.org/,Open Power System Data,,,,,,,,,,,,,,,44.56,NO-ESTIMATION,NO-ESTIMATION,NO-ESTIMATION,NO-ESTIMATION,CAPACITY-FACTOR-V1
12682,DEU,Germany,Dampfkraftwerk BGH - O1,WRI1005626,178.0,48.1835,12.8531,Gas,,,,2001.0,Wacker Chemie AG,Open Power System Data,http://data.open-power-system-data.org/,Open Power System Data,,,,,,,,,,,,,,,689.82,NO-ESTIMATION,NO-ESTIMATION,NO-ESTIMATION,NO-ESTIMATION,CAPACITY-FACTOR-V1
12707,DEU,Germany,Dormagen,WRI1005636,586.3,51.0791,6.8287,Gas,,,,2000.0,RWE Generation SE,Open Power System Data,http://data.open-power-system-data.org/,Open Power System Data,1041644,,,,2193.137,1413.405,948.119,,,JRC-PPDB-OPEN,,,,,2272.14,NO-ESTIMATION,NO-ESTIMATION,NO-ESTIMATION,NO-ESTIMATION,CAPACITY-FACTOR-V1
12709,DEU,Germany,Dortmund,WRI1005638,26.0,51.5197,7.477,Gas,,,,2004.0,RWE Generation SE,Open Power System Data,http://data.open-power-system-data.org/,Open Power System Data,,,,,,,,,,,,,,,100.76,NO-ESTIMATION,NO-ESTIMATION,NO-ESTIMATION,NO-ESTIMATION,CAPACITY-FACTOR-V1
12710,DEU,Germany,Dow Stade,WRI1005639,173.0,53.6519,9.5079,Gas,,,,2014.0,Dow Deutschland Anlagengesellschaft mbH,Open Power System Data,http://data.open-power-system-data.org/,Open Power System Data,1013779,,,,,,,,,,,,,,670.44,NO-ESTIMATION,NO-ESTIMATION,NO-ESTIMATION,NO-ESTIMATION,CAPACITY-FACTOR-V1
12715,DEU,Germany,Duisburg Hamborn,WRI1005641,385.0,51.491,6.7275,Gas,,,,1958.0,ThyssenKrupp Steel Europe AG,Open Power System Data,http://data.open-power-system-data.org/,Open Power System Data,1050044,,,,,1261.763,,,,JRC-PPDB-OPEN,,,,,1492.02,NO-ESTIMATION,NO-ESTIMATION,NO-ESTIMATION,NO-ESTIMATION,CAPACITY-FACTOR-V1
12716,DEU,Germany,Duisburg Ruhrort,WRI1005642,315.0,51.4597,6.7306,Gas,,,,,ThyssenKrupp Steel Europe AG,Open Power System Data,http://data.open-power-system-data.org/,Open Power System Data,,,,,,,,,,,,,,,1220.75,NO-ESTIMATION,NO-ESTIMATION,NO-ESTIMATION,NO-ESTIMATION,CAPACITY-FACTOR-V1
12731,DEU,Germany,EVC / GLOBALFOUNDRIES,WRI1005671,34.3,51.127,13.715,Gas,,,,1998.0,Energieversorgungscenter Dresden-Wilschdorf GmbH & Co. KG,Open Power System Data,http://data.open-power-system-data.org/,Open Power System Data,,,,,,,,,,,,,,,132.92,NO-ESTIMATION,NO-ESTIMATION,NO-ESTIMATION,NO-ESTIMATION,CAPACITY-FACTOR-V1
12743,DEU,Germany,Egger Kraftwerk Briilon 2,WRI1005652,13.5,51.4085,8.5999,Gas,,,,1996.0,Egger Kraftwerk Brilon GmbH,Open Power System Data,http://data.open-power-system-data.org/,Open Power System Data,,,,,,,,,,,,,,,52.31,NO-ESTIMATION,NO-ESTIMATION,NO-ESTIMATION,NO-ESTIMATION,CAPACITY-FACTOR-V1
12758,DEU,Germany,Emden Natural Gas,WRI1005657,50.0,53.3422,7.2062,Gas,,,,1973.0,Statkraft Markets GmbH,Open Power System Data,http://data.open-power-system-data.org/,Open Power System Data,,,,,,,,,,,,,,,193.77,NO-ESTIMATION,NO-ESTIMATION,NO-ESTIMATION,NO-ESTIMATION,CAPACITY-FACTOR-V1
12761,DEU,Germany,Emsland,WRI1005658,1837.0,52.4819,7.3067,Gas,,,,,RWE Generation SE,Open Power System Data,http://data.open-power-system-data.org/,Open Power System Data,,,,,1285.332,4207.677,4307.275,,,JRC-PPDB-OPEN,,,,,7119.1,NO-ESTIMATION,NO-ESTIMATION,NO-ESTIMATION,NO-ESTIMATION,CAPACITY-FACTOR-V1
12763,DEU,Germany,Energiezentrale,WRI1005661,11.1,51.5744,7.2979,Gas,,,,1991.0,RÃœTGERS InfraTec GmbH,Open Power System Data,http://data.open-power-system-data.org/,Open Power System Data,1108149,,,,,,,,,,,,,,43.01,NO-ESTIMATION,NO-ESTIMATION,NO-ESTIMATION,NO-ESTIMATION,CAPACITY-FACTOR-V1
12764,DEU,Germany,Energiezentrale 1992,WRI1005662,11.06,48.3591,11.7903,Gas,,,,1992.0,Flughafen München GmbH,Open Power System Data,http://data.open-power-system-data.org/,Open Power System Data,,,,,,,,,,,,,,,42.86,NO-ESTIMATION,NO-ESTIMATION,NO-ESTIMATION,NO-ESTIMATION,CAPACITY-FACTOR-V1
12765,DEU,Germany,Energiezentrum Mohn Media,WRI1005663,22.0,51.9073,8.4088,Gas,,,,1994.0,Mohn Media Mohndruck GmbH,Open Power System Data,http://data.open-power-system-data.org/,Open Power System Data,,,,,,,,,,,,,,,85.25,NO-ESTIMATION,NO-ESTIMATION,NO-ESTIMATION,NO-ESTIMATION,CAPACITY-FACTOR-V1
12773,DEU,Germany,Erweiterung Energiezentrale 2003,WRI1005668,7.44,48.3591,11.7903,Gas,,,,2003.0,Flughafen München GmbH,Open Power System Data,http://data.open-power-system-data.org/,Open Power System Data,,,,,,,,,,,,,,,28.83,NO-ESTIMATION,NO-ESTIMATION,NO-ESTIMATION,NO-ESTIMATION,CAPACITY-FACTOR-V1
12779,DEU,Germany,FS-Karton,WRI1005684,18.9,51.2171,6.6965,Gas,,,,1992.0,FS-Karton GmbH,Open Power System Data,http://data.open-power-system-data.org/,Open Power System Data,1022446,,,,,,,,,,,,,,73.24,NO-ESTIMATION,NO-ESTIMATION,NO-ESTIMATION,NO-ESTIMATION,CAPACITY-FACTOR-V1
12792,DEU,Germany,Franken 1,WRI1005681,823.0,49.4208,11.0077,Gas,,,,,E.ON Kraftwerke GmbH,Open Power System Data,http://data.open-power-system-data.org/,Open Power System Data,1017811,,,,400.634,230.636,434.319,,,JRC-PPDB-OPEN,,,,,3189.45,NO-ESTIMATION,NO-ESTIMATION,NO-ESTIMATION,NO-ESTIMATION,CAPACITY-FACTOR-V1
12810,DEU,Germany,GHD,WRI1005695,13.4,48.6403,12.4634,Gas,,,,1998.0,GHD Bayernwerk Natur GmbH & Co. KG,Open Power System Data,http://data.open-power-system-data.org/,Open Power System Data,,,,,,,,,,,,,,,51.93,NO-ESTIMATION,NO-ESTIMATION,NO-ESTIMATION,NO-ESTIMATION,CAPACITY-FACTOR-V1
12812,DEU,Germany,GKL,WRI1005698,230.0,52.3729,9.7142,Gas,,,,,Stadtwerke Hannover AG,Open Power System Data,http://data.open-power-system-data.org/,Open Power System Data,,,,,,134.167,,,,ENTSOE,,,,,891.34,NO-ESTIMATION,NO-ESTIMATION,NO-ESTIMATION,NO-ESTIMATION,CAPACITY-FACTOR-V1
12816,DEU,Germany,GTKW Darmstadt,WRI1005709,94.6,49.8849,8.6501,Gas,,,,2013.0,HEAG Südhessische Energie AG (HSE),Open Power System Data,http://data.open-power-system-data.org/,Open Power System Data,1039668,,,,,,,,,,,,,,366.61,NO-ESTIMATION,NO-ESTIMATION,NO-ESTIMATION,NO-ESTIMATION,CAPACITY-FACTOR-V1
12817,DEU,Germany,GUD-Anlage DREWSEN,WRI1005720,13.0,52.6235,10.2457,Gas,,,,2000.0,DREWSEN SPEZIALPAPIERE GmbH & Co.KG,Open Power System Data,http://data.open-power-system-data.org/,Open Power System Data,,,,,,,,,,,,,,,50.38,NO-ESTIMATION,NO-ESTIMATION,NO-ESTIMATION,NO-ESTIMATION,CAPACITY-FACTOR-V1
12833,DEU,Germany,Gemeinschaftskraftwerk Irsching,WRI1005691,1391.0,48.767,11.58,Gas,,,,,Gemeinschaftskraftwerk Irsching GmbH,Open Power System Data,http://data.open-power-system-data.org/,Open Power System Data,1019813,,,,567.611,204.757,133.487,,,JRC-PPDB-OPEN,,,,,5390.68,NO-ESTIMATION,NO-ESTIMATION,NO-ESTIMATION,NO-ESTIMATION,CAPACITY-FACTOR-V1
12836,DEU,Germany,Gersteinwerk,WRI1005694,2004.5,51.6725,7.7099,Gas,,,,,RWE Generation SE,Open Power System Data,http://data.open-power-system-data.org/,Open Power System Data,1032926,,,,,2524.903,,,,ENTSOE,,,,,7768.23,NO-ESTIMATION,NO-ESTIMATION,NO-ESTIMATION,NO-ESTIMATION,CAPACITY-FACTOR-V1
12879,DEU,Germany,GuD,WRI1005710,100.0,51.2214,6.7313,Gas,,,,2000.0,Stadtwerke Düsseldorf AG,Open Power System Data,http://data.open-power-system-data.org/,Open Power System Data,1099830,,,,,,,,,,,,,,387.54,NO-ESTIMATION,NO-ESTIMATION,NO-ESTIMATION,NO-ESTIMATION,CAPACITY-FACTOR-V1
12880,DEU,Germany,GuD Anlage WVK,WRI1005711,60.1,48.0202,7.8452,Gas,,,,1998.0,Solvay Acetow GmbH,Open Power System Data,http://data.open-power-system-data.org/,Open Power System Data,,,,,,,,,,,,,,,232.91,NO-ESTIMATION,NO-ESTIMATION,NO-ESTIMATION,NO-ESTIMATION,CAPACITY-FACTOR-V1
12881,DEU,Germany,GuD Baunatal  VW Werksgelände,WRI1005712,78.0,51.2531,9.4379,Gas,,,,2013.0,Volkswagen AG,Open Power System Data,http://data.open-power-system-data.org/,Open Power System Data,,,,,,,,,,,,,,,302.28,NO-ESTIMATION,NO-ESTIMATION,NO-ESTIMATION,NO-ESTIMATION,CAPACITY-FACTOR-V1
12882,DEU,Germany,GuD Bitterfeld,WRI1005713,106.0,51.6257,12.327,Gas,,,,2000.0,envia THERM GmbH,Open Power System Data,http://data.open-power-system-data.org/,Open Power System Data,,,,,,,,,,,,,,,410.79,NO-ESTIMATION,NO-ESTIMATION,NO-ESTIMATION,NO-ESTIMATION,CAPACITY-FACTOR-V1
12883,DEU,Germany,GuD Kraftwerk Hillegossen,WRI1005714,37.5,52.0333,8.5333,Gas,,,,2005.0,Stadtwerke Bielefeld GmbH,Open Power System Data,http://data.open-power-system-data.org/,Open Power System Data,,,,,,,,,,,,,,,145.32,NO-ESTIMATION,NO-ESTIMATION,NO-ESTIMATION,NO-ESTIMATION,CAPACITY-FACTOR-V1
12884,DEU,Germany,GuD Leuna,WRI1005715,52.0,51.2998,12.0193,Gas,,,,1998.0,InfraLeuna GmbH,Open Power System Data,http://data.open-power-system-data.org/,Open Power System Data,,,,,,,,,,,,,,,201.52,NO-ESTIMATION,NO-ESTIMATION,NO-ESTIMATION,NO-ESTIMATION,CAPACITY-FACTOR-V1
12885,DEU,Germany,GuD Marienehe,WRI1005716,108.0,54.1255,12.0819,Gas,,,,1996.0,Stadtwerke Rostock AG,Open Power System Data,http://data.open-power-system-data.org/,Open Power System Data,,,,,,,,,,,,,,,418.54,NO-ESTIMATION,NO-ESTIMATION,NO-ESTIMATION,NO-ESTIMATION,CAPACITY-FACTOR-V1
12886,DEU,Germany,GuD Schwarzheide,WRI1005717,122.0,51.4762,13.8891,Gas,,,,1994.0,BASF Schwarzheide GmbH,Open Power System Data,http://data.open-power-system-data.org/,Open Power System Data,1010767,,,,,,,,,,,,,,472.79,NO-ESTIMATION,NO-ESTIMATION,NO-ESTIMATION,NO-ESTIMATION,CAPACITY-FACTOR-V1
12887,DEU,Germany,GuD Tiefstack,WRI1005718,127.0,53.5267,10.0658,Gas,,,,2009.0,Vattenfall Europe Wärme Aktiengesellschaft,Open Power System Data,http://data.open-power-system-data.org/,Open Power System Data,,,,,,,,,,,,,,,492.17,NO-ESTIMATION,NO-ESTIMATION,NO-ESTIMATION,NO-ESTIMATION,CAPACITY-FACTOR-V1
12888,DEU,Germany,GuD-Anlage,WRI1005719,47.0,49.9882,9.1558,Gas,,,,2013.0,DS Smith Paper Deutschland GmbH,Open Power System Data,http://data.open-power-system-data.org/,Open Power System Data,,,,,,215.268,205.907,,,JRC-PPDB-OPEN,,,,,182.14,NO-ESTIMATION,NO-ESTIMATION,NO-ESTIMATION,NO-ESTIMATION,CAPACITY-FACTOR-V1
12889,DEU,Germany,GuD-Anlage Rüsselsheim,WRI1005721,112.1,49.992,8.4141,Gas,,,,1999.0,Adam Opel AG,Open Power System Data,http://data.open-power-system-data.org/,Open Power System Data,,,,,,,,,,,,,,,434.43,NO-ESTIMATION,NO-ESTIMATION,NO-ESTIMATION,NO-ESTIMATION,CAPACITY-FACTOR-V1
12890,DEU,Germany,GuD-HKW Neubrandenburg,WRI1005722,75.0,53.5745,13.2951,Gas,,,,1997.0,Neubrandenburger Stadtwerke GmbH / VASA Kraftwerkepool GmbH und Co. KG,Open Power System Data,http://data.open-power-system-data.org/,Open Power System Data,1023878,,,,,,,,,,,,,,290.65,NO-ESTIMATION,NO-ESTIMATION,NO-ESTIMATION,NO-ESTIMATION,CAPACITY-FACTOR-V1
12891,DEU,Germany,GuD-Ikw Staßfurt,WRI1005723,132.0,51.8655,11.5738,Gas,,,,1996.0,KWG-Kraftwerksgesellschaft Staßfurt mbH,Open Power System Data,http://data.open-power-system-data.org/,Open Power System Data,,,,,,,,,,,,,,,511.55,NO-ESTIMATION,NO-ESTIMATION,NO-ESTIMATION,NO-ESTIMATION,CAPACITY-FACTOR-V1
12892,DEU,Germany,GuD-Kraftwerk,WRI1005724,17.2,49.5307,8.4709,Gas,,,,2005.0,Energie- und Medienversorgung Sandhofer Straße GmbH & Co. KG,Open Power System Data,http://data.open-power-system-data.org/,Open Power System Data,,,,,,,,,,,,,,,66.65,NO-ESTIMATION,NO-ESTIMATION,NO-ESTIMATION,NO-ESTIMATION,CAPACITY-FACTOR-V1
12903,DEU,Germany,HBB,WRI1005730,24.0,47.796,12.1193,Gas,,,,2001.0,HBB Heizkraftwerk Bauernfeind Betreibergesellschaft mbh,Open Power System Data,http://data.open-power-system-data.org/,Open Power System Data,,,,,,,,,,,,,,,93.0,NO-ESTIMATION,NO-ESTIMATION,NO-ESTIMATION,NO-ESTIMATION,CAPACITY-FACTOR-V1
12905,DEU,Germany,"HKW ""Helmshäger Berg""",WRI1005769,14.7,54.0973,13.385,Gas,,,,1996.0,Energieerzeugungsgesellschaft Greifswald GmbH,Open Power System Data,http://data.open-power-system-data.org/,Open Power System Data,,,,,,,,,,,,,,,56.96,NO-ESTIMATION,NO-ESTIMATION,NO-ESTIMATION,NO-ESTIMATION,CAPACITY-FACTOR-V1
12906,DEU,Germany,HKW 1,WRI1005770,23.1,51.4707,6.8616,Gas,,,,1972.0,Energieversorgung Oberhausen AG,Open Power System Data,http://data.open-power-system-data.org/,Open Power System Data,,,,,,,,,,,,,,,89.52,NO-ESTIMATION,NO-ESTIMATION,NO-ESTIMATION,NO-ESTIMATION,CAPACITY-FACTOR-V1
12907,DEU,Germany,HKW 1 Werk Offstein,WRI1005771,30.0,49.5991,8.221,Gas,,,,1992.0,Südzucker AG Mannheim/Ochsenfurt,Open Power System Data,http://data.open-power-system-data.org/,Open Power System Data,1030523,,,,,,,,,,,,,,116.26,NO-ESTIMATION,NO-ESTIMATION,NO-ESTIMATION,NO-ESTIMATION,CAPACITY-FACTOR-V1
12908,DEU,Germany,HKW 2,WRI1005772,24.5,51.4707,6.8616,Gas,,,,1995.0,Energieversorgung Oberhausen AG,Open Power System Data,http://data.open-power-system-data.org/,Open Power System Data,,,,,,,,,,,,,,,94.94,NO-ESTIMATION,NO-ESTIMATION,NO-ESTIMATION,NO-ESTIMATION,CAPACITY-FACTOR-V1
12910,DEU,Germany,HKW Bad Salzungen,WRI1005774,9.7,50.8003,10.2206,Gas,,,,1994.0,Thüringer Energie AG,Open Power System Data,http://data.open-power-system-data.org/,Open Power System Data,1031329,,,,,,,,,,,,,,37.59,NO-ESTIMATION,NO-ESTIMATION,NO-ESTIMATION,NO-ESTIMATION,CAPACITY-FACTOR-V1
12911,DEU,Germany,HKW Barmen,WRI1005775,82.0,51.2689,7.2003,Gas,,,,2005.0,WSW Energie & Wasser AG,Open Power System Data,http://data.open-power-system-data.org/,Open Power System Data,1033521,,,,,,,,,,,,,,317.78,NO-ESTIMATION,NO-ESTIMATION,NO-ESTIMATION,NO-ESTIMATION,CAPACITY-FACTOR-V1
12912,DEU,Germany,HKW Bohrhügel,WRI1005776,13.5,50.6315,10.6987,Gas,,,,1995.0,Stadtwerke Suhl/Zella-Mehlis GmbH,Open Power System Data,http://data.open-power-system-data.org/,Open Power System Data,1072888,,,,,,,,,,,,,,52.31,NO-ESTIMATION,NO-ESTIMATION,NO-ESTIMATION,NO-ESTIMATION,CAPACITY-FACTOR-V1
12913,DEU,Germany,HKW Brandenburg,WRI1005767,36.0,51.5122,13.9711,Gas,,,,1997.0,Stadtwerke Brandenburg an der Havel GmbH,Open Power System Data,http://data.open-power-system-data.org/,Open Power System Data,,,,,,,,,,,,,,,139.51,NO-ESTIMATION,NO-ESTIMATION,NO-ESTIMATION,NO-ESTIMATION,CAPACITY-FACTOR-V1
12914,DEU,Germany,HKW Chemnitz  Nord II (Natural Gas),WRI1005778,57.2,50.857,12.9231,Gas,,,,1986.0,eins energie in sachsen GmbH & Co. KG,Open Power System Data,http://data.open-power-system-data.org/,Open Power System Data,,,,,,,,,,,,,,,221.67,NO-ESTIMATION,NO-ESTIMATION,NO-ESTIMATION,NO-ESTIMATION,CAPACITY-FACTOR-V1
12915,DEU,Germany,HKW Dresden-Nossener Brücke,WRI1005780,263.0,51.0421,13.7086,Gas,,,,1995.0,DREWAG Stadtwerke Dresden GmbH,Open Power System Data,http://data.open-power-system-data.org/,Open Power System Data,,,,,1222.517,1478.562,1441.149,,,JRC-PPDB-OPEN,,,,,1019.23,NO-ESTIMATION,NO-ESTIMATION,NO-ESTIMATION,NO-ESTIMATION,CAPACITY-FACTOR-V1
12916,DEU,Germany,HKW Eltmann,WRI1005782,57.0,49.984,10.6514,Gas,,,,2008.0,Palm Power GmbH & Co. KG,Open Power System Data,http://data.open-power-system-data.org/,Open Power System Data,,,,,,,,,,,,,,,220.89,NO-ESTIMATION,NO-ESTIMATION,NO-ESTIMATION,NO-ESTIMATION,CAPACITY-FACTOR-V1
12917,DEU,Germany,HKW Erfurt-Ost,WRI1005783,109.1,50.9848,11.0299,Gas,,,,,SWE Energie GmbH,Open Power System Data,http://data.open-power-system-data.org/,Open Power System Data,1043455,,,,,,,,,,,,,,422.8,NO-ESTIMATION,NO-ESTIMATION,NO-ESTIMATION,NO-ESTIMATION,CAPACITY-FACTOR-V1
12919,DEU,Germany,HKW Erlangen (Natural Gas),WRI1005785,28.5,49.593,11.0016,Gas,,,,,Erlanger Stadtwerke AG,Open Power System Data,http://data.open-power-system-data.org/,Open Power System Data,1029839,,,,,,,,,,,,,,110.44,NO-ESTIMATION,NO-ESTIMATION,NO-ESTIMATION,NO-ESTIMATION,CAPACITY-FACTOR-V1
12920,DEU,Germany,HKW Fenne  GrubenNatural Gaskraftwerk,WRI1005786,42.0,49.249,6.8792,Gas,,,,2003.0,STEAG New Energies GmbH,Open Power System Data,http://data.open-power-system-data.org/,Open Power System Data,,,,,,1358.779,962.789,,,JRC-PPDB-OPEN,,,,,162.76,NO-ESTIMATION,NO-ESTIMATION,NO-ESTIMATION,NO-ESTIMATION,CAPACITY-FACTOR-V1
12921,DEU,Germany,HKW Freiberg,WRI1005768,27.0,48.0056,7.8423,Gas,,,,2001.0,Universitätsklinikum Freiburg AdöR,Open Power System Data,http://data.open-power-system-data.org/,Open Power System Data,1116378,,,,,,,,,,,,,,104.63,NO-ESTIMATION,NO-ESTIMATION,NO-ESTIMATION,NO-ESTIMATION,CAPACITY-FACTOR-V1
12922,DEU,Germany,HKW Göttingen,WRI1005788,18.8,51.5534,9.9337,Gas,,,,1998.0,Georg-August-Universität Göttingen Stiftung Ã–ffentlichen Rechts,Open Power System Data,http://data.open-power-system-data.org/,Open Power System Data,,,,,,,,,,,,,,,72.85,NO-ESTIMATION,NO-ESTIMATION,NO-ESTIMATION,NO-ESTIMATION,CAPACITY-FACTOR-V1
12923,DEU,Germany,HKW Halle Trotha,WRI1005789,254.0,51.481,11.9643,Gas,,,,,EVH GmbH,Open Power System Data,http://data.open-power-system-data.org/,Open Power System Data,1022957,,,,,,,,,,,,,,984.35,NO-ESTIMATION,NO-ESTIMATION,NO-ESTIMATION,NO-ESTIMATION,CAPACITY-FACTOR-V1
12924,DEU,Germany,HKW Hiltrop,WRI1005790,44.0,51.508,7.2503,Gas,,,,2014.0,Stadtwerke Bochum Holding GmbH,Open Power System Data,http://data.open-power-system-data.org/,Open Power System Data,1029770,,,,,,,,,,,,,,170.51,NO-ESTIMATION,NO-ESTIMATION,NO-ESTIMATION,NO-ESTIMATION,CAPACITY-FACTOR-V1
12925,DEU,Germany,HKW Humboldtstr.,WRI1005791,31.0,54.3275,10.1267,Gas,,,,,Stadtwerke Kiel AG,Open Power System Data,http://data.open-power-system-data.org/,Open Power System Data,1029924,,,,,,,,,,,,,,120.13,NO-ESTIMATION,NO-ESTIMATION,NO-ESTIMATION,NO-ESTIMATION,CAPACITY-FACTOR-V1
12927,DEU,Germany,HKW III/B,WRI1005793,274.0,51.3907,6.7478,Gas,,,,2005.0,Stadtwerke Duisburg AG,Open Power System Data,http://data.open-power-system-data.org/,Open Power System Data,,,,,223.406,1037.938,995.093,,,JRC-PPDB-OPEN,,,,,1061.85,NO-ESTIMATION,NO-ESTIMATION,NO-ESTIMATION,NO-ESTIMATION,CAPACITY-FACTOR-V1
12928,DEU,Germany,HKW Jena,WRI1005794,182.0,50.8969,11.5857,Gas,,,,1996.0,Thüringer Energie AG,Open Power System Data,http://data.open-power-system-data.org/,Open Power System Data,,,,,,,,,,,,,,,705.32,NO-ESTIMATION,NO-ESTIMATION,NO-ESTIMATION,NO-ESTIMATION,CAPACITY-FACTOR-V1
12930,DEU,Germany,HKW Karcherstr. (Natural Gas),WRI1005796,11.6,49.4347,7.7602,Gas,,,,1989.0,SWK - Stadtwerke Kaiserslautern,Open Power System Data,http://data.open-power-system-data.org/,Open Power System Data,,,,,,,,,,,,,,,44.95,NO-ESTIMATION,NO-ESTIMATION,NO-ESTIMATION,NO-ESTIMATION,CAPACITY-FACTOR-V1
12932,DEU,Germany,HKW Merheim,WRI1005798,15.8,50.9431,7.0852,Gas,,,,2001.0,RheinEnergie AG,Open Power System Data,http://data.open-power-system-data.org/,Open Power System Data,,,,,,,,,,,,,,,61.23,NO-ESTIMATION,NO-ESTIMATION,NO-ESTIMATION,NO-ESTIMATION,CAPACITY-FACTOR-V1
12933,DEU,Germany,HKW Merkenich,WRI1005799,15.5,51.0179,6.964,Gas,,,,1965.0,RheinEnergie AG,Open Power System Data,http://data.open-power-system-data.org/,Open Power System Data,,,,,,,,,,,,,,,60.06,NO-ESTIMATION,NO-ESTIMATION,NO-ESTIMATION,NO-ESTIMATION,CAPACITY-FACTOR-V1
12934,DEU,Germany,HKW Merkenich (Natural Gas),WRI1005801,108.0,51.0178,6.9643,Gas,,,,2004.0,RheinEnergie AG,Open Power System Data,http://data.open-power-system-data.org/,Open Power System Data,1017451,,,,,142.445,,,,ENTSOE,,,,,418.54,NO-ESTIMATION,NO-ESTIMATION,NO-ESTIMATION,NO-ESTIMATION,CAPACITY-FACTOR-V1
12935,DEU,Germany,HKW Niederrad,WRI1005802,126.0,50.0856,8.6279,Gas,,,,2005.0,Mainova AG,Open Power System Data,http://data.open-power-system-data.org/,Open Power System Data,1029852,,,,,,,,,,,,,,488.3,NO-ESTIMATION,NO-ESTIMATION,NO-ESTIMATION,NO-ESTIMATION,CAPACITY-FACTOR-V1
12936,DEU,Germany,HKW Niehl 2,WRI1005803,413.0,50.9749,6.988,Gas,,,,2005.0,RheinEnergie AG,Open Power System Data,http://data.open-power-system-data.org/,Open Power System Data,1017452,,,,,3410.306,3718.551,,,JRC-PPDB-OPEN,,,,,1600.54,NO-ESTIMATION,NO-ESTIMATION,NO-ESTIMATION,NO-ESTIMATION,CAPACITY-FACTOR-V1
12939,DEU,Germany,HKW Pfaffenwald,WRI1005806,36.0,48.7508,9.1103,Gas,,,,,Universität Stuttgart,Open Power System Data,http://data.open-power-system-data.org/,Open Power System Data,1032531,,,,,,,,,,,,,,139.51,NO-ESTIMATION,NO-ESTIMATION,NO-ESTIMATION,NO-ESTIMATION,CAPACITY-FACTOR-V1
12940,DEU,Germany,HKW Potsdam-Süd,WRI1005807,81.8,52.3661,13.1125,Gas,,,,1996.0,Energie und Wasser Potsdam GmbH,Open Power System Data,http://data.open-power-system-data.org/,Open Power System Data,,,,,,,,,,,,,,,317.0,NO-ESTIMATION,NO-ESTIMATION,NO-ESTIMATION,NO-ESTIMATION,CAPACITY-FACTOR-V1
12943,DEU,Germany,HKW Sandreuth,WRI1005810,150.0,49.4386,11.0606,Gas,,,,2005.0,N-ERGIE AG,Open Power System Data,http://data.open-power-system-data.org/,Open Power System Data,1016312,,,,,,,,,,,,,,581.31,NO-ESTIMATION,NO-ESTIMATION,NO-ESTIMATION,NO-ESTIMATION,CAPACITY-FACTOR-V1
12944,DEU,Germany,HKW Schwarza,WRI1005812,26.5,50.6869,11.3293,Gas,,,,,Energie- und Medienversorgung Schwarza GmbH,Open Power System Data,http://data.open-power-system-data.org/,Open Power System Data,1072879,,,,,,,,,,,,,,102.69,NO-ESTIMATION,NO-ESTIMATION,NO-ESTIMATION,NO-ESTIMATION,CAPACITY-FACTOR-V1
12945,DEU,Germany,HKW Schwerin Lankow,WRI1005813,23.0,53.6539,11.373,Gas,,,,1994.0,Energieversorgung Schwerin GmbH & Co. Erzeugung KG,Open Power System Data,http://data.open-power-system-data.org/,Open Power System Data,1030083,,,,,,,,,,,,,,89.13,NO-ESTIMATION,NO-ESTIMATION,NO-ESTIMATION,NO-ESTIMATION,CAPACITY-FACTOR-V1
12946,DEU,Germany,HKW Schwerin Süd,WRI1005814,44.9,53.5779,11.3965,Gas,,,,1994.0,Energieversorgung Schwerin GmbH & Co. Erzeugung KG,Open Power System Data,http://data.open-power-system-data.org/,Open Power System Data,,,,,,,,,,,,,,,174.0,NO-ESTIMATION,NO-ESTIMATION,NO-ESTIMATION,NO-ESTIMATION,CAPACITY-FACTOR-V1
12947,DEU,Germany,HKW Südstadt,WRI1005815,35.0,50.917,6.9573,Gas,,,,1994.0,RheinEnergie AG,Open Power System Data,http://data.open-power-system-data.org/,Open Power System Data,,,,,,,,,,,,,,,135.63,NO-ESTIMATION,NO-ESTIMATION,NO-ESTIMATION,NO-ESTIMATION,CAPACITY-FACTOR-V1
12950,DEU,Germany,HKW West,WRI1005816,99.0,50.0984,8.6531,Gas,,,,1994.0,Mainova AG,Open Power System Data,http://data.open-power-system-data.org/,Open Power System Data,1029851,,,,,,,,,,,,,,383.66,NO-ESTIMATION,NO-ESTIMATION,NO-ESTIMATION,NO-ESTIMATION,CAPACITY-FACTOR-V1
12952,DEU,Germany,HKW Wiesengrund,WRI1005820,22.1,50.9816,10.2906,Gas,,,,1993.0,ENAG/MainNatural Gas Energieanlagen GmbH,Open Power System Data,http://data.open-power-system-data.org/,Open Power System Data,,,,,,,,,,,,,,,85.64,NO-ESTIMATION,NO-ESTIMATION,NO-ESTIMATION,NO-ESTIMATION,CAPACITY-FACTOR-V1
12953,DEU,Germany,HKW Wörth,WRI1005821,59.0,49.07,8.307,Gas,,,,2008.0,Palm Power GmbH & Co. KG,Open Power System Data,http://data.open-power-system-data.org/,Open Power System Data,,,,,,,,,,,,,,,228.64,NO-ESTIMATION,NO-ESTIMATION,NO-ESTIMATION,NO-ESTIMATION,CAPACITY-FACTOR-V1
12954,DEU,Germany,HKW-Mitte,WRI1005822,137.3,52.2786,10.5147,Gas,,,,,Braunschweiger Versorgungs-AG & Co. KG,Open Power System Data,http://data.open-power-system-data.org/,Open Power System Data,,,,,,,,,,,,,,,532.09,NO-ESTIMATION,NO-ESTIMATION,NO-ESTIMATION,NO-ESTIMATION,CAPACITY-FACTOR-V1
12955,DEU,Germany,HKW-Nord,WRI1005824,25.0,52.2786,10.5147,Gas,,,,1965.0,Braunschweiger Versorgungs-AG & Co. KG,Open Power System Data,http://data.open-power-system-data.org/,Open Power System Data,,,,,,,,,,,,,,,96.88,NO-ESTIMATION,NO-ESTIMATION,NO-ESTIMATION,NO-ESTIMATION,CAPACITY-FACTOR-V1
12956,DEU,Germany,HKW-West,WRI1005825,12.8,52.0262,8.8666,Gas,,,,2002.0,Stadtwerke Lemgo GmbH,Open Power System Data,http://data.open-power-system-data.org/,Open Power System Data,1029851,,,,,,,,,,,,,,49.6,NO-ESTIMATION,NO-ESTIMATION,NO-ESTIMATION,NO-ESTIMATION,CAPACITY-FACTOR-V1
12957,DEU,Germany,HKW3 UPM Schongau,WRI1005826,65.0,48.1603,10.1144,Gas,,,,2015.0,UPM GmbH,Open Power System Data,http://data.open-power-system-data.org/,CARMA,1018088,,,,,,,,,,,,,,251.9,NO-ESTIMATION,NO-ESTIMATION,NO-ESTIMATION,NO-ESTIMATION,CAPACITY-FACTOR-V1
12973,DEU,Germany,Hattorf,WRI1005728,52.3,50.8126,9.978,Gas,,,,,K+S AG,Open Power System Data,http://data.open-power-system-data.org/,Open Power System Data,1020318,,,,,,,,,,,,,,202.68,NO-ESTIMATION,NO-ESTIMATION,NO-ESTIMATION,NO-ESTIMATION,CAPACITY-FACTOR-V1
12984,DEU,Germany,Heizkraftwerk 1,WRI1005732,22.5,53.5177,9.9508,Gas,,,,1992.0,ADM Hamburg Aktiengesellschaft,Open Power System Data,http://data.open-power-system-data.org/,Open Power System Data,,,,,,,,,,,,,,,87.19,NO-ESTIMATION,NO-ESTIMATION,NO-ESTIMATION,NO-ESTIMATION,CAPACITY-FACTOR-V1
12985,DEU,Germany,Heizkraftwerk 2,WRI1005733,152.0,50.0918,8.5311,Gas,,,,,Infraserv GmbH & Co. Höchst KG,Open Power System Data,http://data.open-power-system-data.org/,Open Power System Data,,,,,,,,,,,,,,,589.06,NO-ESTIMATION,NO-ESTIMATION,NO-ESTIMATION,NO-ESTIMATION,CAPACITY-FACTOR-V1
12987,DEU,Germany,Heizkraftwerk 4,WRI1005735,18.0,48.3751,10.9028,Gas,,,,1976.0,Stadtwerke Augsburg Energie GmbH,Open Power System Data,http://data.open-power-system-data.org/,Open Power System Data,,,,,,,,,,,,,,,69.75,NO-ESTIMATION,NO-ESTIMATION,NO-ESTIMATION,NO-ESTIMATION,CAPACITY-FACTOR-V1
12988,DEU,Germany,Heizkraftwerk 5,WRI1005736,10.0,49.8828,8.6287,Gas,,,,1999.0,Merck KGaA,Open Power System Data,http://data.open-power-system-data.org/,Open Power System Data,,,,,,,,,,,,,,,38.75,NO-ESTIMATION,NO-ESTIMATION,NO-ESTIMATION,NO-ESTIMATION,CAPACITY-FACTOR-V1
12989,DEU,Germany,Heizkraftwerk Altbach/Deizisau (Natural Gas),WRI1005738,65.0,48.7176,9.3749,Gas,,,,,EnBW Energie Baden-Württemberg AG,Open Power System Data,http://data.open-power-system-data.org/,Open Power System Data,,,,,,,,,,,,,,,251.9,NO-ESTIMATION,NO-ESTIMATION,NO-ESTIMATION,NO-ESTIMATION,CAPACITY-FACTOR-V1
12990,DEU,Germany,Heizkraftwerk Bomlitz,WRI1005739,22.1,52.9,9.65,Gas,,,,1912.0,Dow Wolff Cellulosics GmbH,Open Power System Data,http://data.open-power-system-data.org/,CARMA,,,,,,,,,,,,,,,85.64,NO-ESTIMATION,NO-ESTIMATION,NO-ESTIMATION,NO-ESTIMATION,CAPACITY-FACTOR-V1
12991,DEU,Germany,Heizkraftwerk Evonik Rheinfelden,WRI1005741,16.0,47.5708,7.8072,Gas,,,,1980.0,Evonik Degussa GmbH,Open Power System Data,http://data.open-power-system-data.org/,Open Power System Data,,,,,,,,,,,,,,,62.0,NO-ESTIMATION,NO-ESTIMATION,NO-ESTIMATION,NO-ESTIMATION,CAPACITY-FACTOR-V1
12993,DEU,Germany,Heizkraftwerk Gera-Nord,WRI1005744,148.0,50.9076,12.061,Gas,,,,1996.0,Energieversorgung Gera GmbH,Open Power System Data,http://data.open-power-system-data.org/,Open Power System Data,,,,,,,,,,,,,,,573.55,NO-ESTIMATION,NO-ESTIMATION,NO-ESTIMATION,NO-ESTIMATION,CAPACITY-FACTOR-V1
12994,DEU,Germany,Heizkraftwerk Hafen,WRI1005745,100.2,51.9501,7.6413,Gas,,,,2005.0,Stadtwerke Münster GmbH,Open Power System Data,http://data.open-power-system-data.org/,Open Power System Data,,,,,,,,,,,,,,,388.31,NO-ESTIMATION,NO-ESTIMATION,NO-ESTIMATION,NO-ESTIMATION,CAPACITY-FACTOR-V1
12995,DEU,Germany,Heizkraftwerk Hagen-Kabel,WRI1005746,230.0,51.411,7.4917,Gas,,,,1980.0,Mark-E AG,Open Power System Data,http://data.open-power-system-data.org/,Open Power System Data,,,,,,0.174,0.264,,,JRC-PPDB-OPEN,,,,,891.34,NO-ESTIMATION,NO-ESTIMATION,NO-ESTIMATION,NO-ESTIMATION,CAPACITY-FACTOR-V1
12997,DEU,Germany,Heizkraftwerk Karlstraße 2,WRI1005749,95.0,50.7338,7.0805,Gas,,,,2013.0,Energie- und Wasserversorgung Bonn/Rhein-Sieg GmbH,Open Power System Data,http://data.open-power-system-data.org/,Open Power System Data,,,,,,,,,,,,,,,368.16,NO-ESTIMATION,NO-ESTIMATION,NO-ESTIMATION,NO-ESTIMATION,CAPACITY-FACTOR-V1
12998,DEU,Germany,Heizkraftwerk Krefeld,WRI1005750,12.6,51.3388,6.5853,Gas,,,,,SWK ENERGIE GmbH,Open Power System Data,http://data.open-power-system-data.org/,Open Power System Data,,,,,,,,,,,,,,,48.83,NO-ESTIMATION,NO-ESTIMATION,NO-ESTIMATION,NO-ESTIMATION,CAPACITY-FACTOR-V1
12999,DEU,Germany,Heizkraftwerk Leipzig-Nord,WRI1005751,167.0,51.3512,12.3784,Gas,,,,1996.0,Stadtwerke Leipzig GmbH,Open Power System Data,http://data.open-power-system-data.org/,Open Power System Data,1029943,,,,,,,,,,,,,,647.19,NO-ESTIMATION,NO-ESTIMATION,NO-ESTIMATION,NO-ESTIMATION,CAPACITY-FACTOR-V1
13002,DEU,Germany,Heizkraftwerk Pforzheim GmbH,WRI1005756,52.5,48.8832,8.6653,Gas,,,,1969.0,Heizkraftwerk Pforzheim GmbH,Open Power System Data,http://data.open-power-system-data.org/,Open Power System Data,1030026,,,,,,,,,,,,,,203.45,NO-ESTIMATION,NO-ESTIMATION,NO-ESTIMATION,NO-ESTIMATION,CAPACITY-FACTOR-V1
13003,DEU,Germany,Heizkraftwerk Sindelfingen,WRI1005758,95.0,48.6972,8.9992,Gas,,,,,Daimler AG,Open Power System Data,http://data.open-power-system-data.org/,Open Power System Data,1092274,,,,,,,,,,,,,,368.16,NO-ESTIMATION,NO-ESTIMATION,NO-ESTIMATION,NO-ESTIMATION,CAPACITY-FACTOR-V1
13004,DEU,Germany,Heizkraftwerk Stendal,WRI1005759,22.0,52.6087,11.8325,Gas,,,,1994.0,VASA Kraftwerke-Pool GmbH & Co. KG,Open Power System Data,http://data.open-power-system-data.org/,Open Power System Data,,,,,,,,,,,,,,,85.25,NO-ESTIMATION,NO-ESTIMATION,NO-ESTIMATION,NO-ESTIMATION,CAPACITY-FACTOR-V1
13006,DEU,Germany,Heizkraftwerk West,WRI1005761,37.0,49.0144,8.3481,Gas,,,,1984.0,Stadtwerke Karlsruhe GmbH,Open Power System Data,http://data.open-power-system-data.org/,Open Power System Data,,,,,,,,,,,,,,,143.38,NO-ESTIMATION,NO-ESTIMATION,NO-ESTIMATION,NO-ESTIMATION,CAPACITY-FACTOR-V1
13008,DEU,Germany,Heizkraftwerk zur Papierfabrik,WRI1005762,18.1,52.618,7.8619,Gas,,,,1995.0,Delkeskamp Verpackungswerke GmbH,Open Power System Data,http://data.open-power-system-data.org/,Open Power System Data,,,,,,,,,,,,,,,70.14,NO-ESTIMATION,NO-ESTIMATION,NO-ESTIMATION,NO-ESTIMATION,CAPACITY-FACTOR-V1
13009,DEU,Germany,Heizkraftwerke an der Friedensbrücke,WRI1005763,122.0,49.8,9.9231,Gas,,,,,Heizkraftwerk Würzburg GmbH,Open Power System Data,http://data.open-power-system-data.org/,Open Power System Data,,,,,,,,,,,,,,,472.79,NO-ESTIMATION,NO-ESTIMATION,NO-ESTIMATION,NO-ESTIMATION,CAPACITY-FACTOR-V1
13032,DEU,Germany,Holthausen,WRI1005829,84.0,51.1756,6.838,Gas,,,,1948.0,Henkel AG & Co.KGaA,Open Power System Data,http://data.open-power-system-data.org/,Open Power System Data,,,,,,,,,,,,,,,325.53,NO-ESTIMATION,NO-ESTIMATION,NO-ESTIMATION,NO-ESTIMATION,CAPACITY-FACTOR-V1
13036,DEU,Germany,Huckingen,WRI1005830,606.0,51.3679,6.7167,Gas,,,,,Hüttenwerke Krupp Mannesmann GmbH,Open Power System Data,http://data.open-power-system-data.org/,Open Power System Data,1027640,,,,2164.682,2006.499,2322.758,,,JRC-PPDB-OPEN,,,,,2348.49,NO-ESTIMATION,NO-ESTIMATION,NO-ESTIMATION,NO-ESTIMATION,CAPACITY-FACTOR-V1
13041,DEU,Germany,Huntorf,WRI1005831,321.0,53.1897,8.4087,Gas,,,,1978.0,E.ON Kraftwerke GmbH,Open Power System Data,http://data.open-power-system-data.org/,Open Power System Data,,,,,0.97,8.013,11.83,,,JRC-PPDB-OPEN,,,,,1244.0,NO-ESTIMATION,NO-ESTIMATION,NO-ESTIMATION,NO-ESTIMATION,CAPACITY-FACTOR-V1
13055,DEU,Germany,IHKW Heidenheim,WRI1005834,26.5,48.6701,10.1506,Gas,,,,,Voith Dienstleistungen und Grundstücks GmbH & Co. KG,Open Power System Data,http://data.open-power-system-data.org/,Open Power System Data,1116488,,,,,,,,,,,,,,102.69,NO-ESTIMATION,NO-ESTIMATION,NO-ESTIMATION,NO-ESTIMATION,CAPACITY-FACTOR-V1
13060,DEU,Germany,ILK-GuD,WRI1005839,135.7,51.2998,12.0193,Gas,,,,1994.0,InfraLeuna GmbH,Open Power System Data,http://data.open-power-system-data.org/,Open Power System Data,,,,,,,,,,,,,,,525.89,NO-ESTIMATION,NO-ESTIMATION,NO-ESTIMATION,NO-ESTIMATION,CAPACITY-FACTOR-V1
13061,DEU,Germany,INEOS Kraftwerk,WRI1005846,24.0,51.4693,6.6436,Gas,,,,1995.0,INEOS Solvents Germany GmbH,Open Power System Data,http://data.open-power-system-data.org/,Open Power System Data,,,,,,,,,,,,,,,93.0,NO-ESTIMATION,NO-ESTIMATION,NO-ESTIMATION,NO-ESTIMATION,CAPACITY-FACTOR-V1
13072,DEU,Germany,Industriekraftwerk Bernburg (IKB),WRI1005841,66.0,51.8012,11.7544,Gas,,,,1994.0,Solvay Chemicals GmbH,Open Power System Data,http://data.open-power-system-data.org/,Open Power System Data,,,,,,,,,,,,,,,255.77,NO-ESTIMATION,NO-ESTIMATION,NO-ESTIMATION,NO-ESTIMATION,CAPACITY-FACTOR-V1
13073,DEU,Germany,Industriekraftwerk Breuberg,WRI1005842,11.4,49.8108,9.0117,Gas,,,,1999.0,Industriekraftwerk Breuberg GmbH / Pirelli Deutschland GmbH,Open Power System Data,http://data.open-power-system-data.org/,Open Power System Data,1074031,,,,,,,,,,,,,,44.17,NO-ESTIMATION,NO-ESTIMATION,NO-ESTIMATION,NO-ESTIMATION,CAPACITY-FACTOR-V1
13074,DEU,Germany,Industriekraftwerk Greifswald,WRI1005843,37.7,54.1379,13.6671,Gas,,,,2014.0,Industriekraftwerk Greifswald GmbH,Open Power System Data,http://data.open-power-system-data.org/,Open Power System Data,,,,,,,,,,,,,,,146.1,NO-ESTIMATION,NO-ESTIMATION,NO-ESTIMATION,NO-ESTIMATION,CAPACITY-FACTOR-V1
13075,DEU,Germany,Industriekraftwerk Ludwigshafen,WRI1005844,12.0,49.4532,8.4336,Gas,,,,2003.0,MVV Energie AG,Open Power System Data,http://data.open-power-system-data.org/,Open Power System Data,,,,,,,,,,,,,,,46.5,NO-ESTIMATION,NO-ESTIMATION,NO-ESTIMATION,NO-ESTIMATION,CAPACITY-FACTOR-V1
13076,DEU,Germany,Industriepark Werk Gendorf,WRI1005845,49.0,48.1768,12.7306,Gas,,,,2002.0,InfraServ GmbH & Co. Gendorf KG,Open Power System Data,http://data.open-power-system-data.org/,Open Power System Data,,,,,,,,,,,,,,,189.89,NO-ESTIMATION,NO-ESTIMATION,NO-ESTIMATION,NO-ESTIMATION,CAPACITY-FACTOR-V1
13090,DEU,Germany,K&N PFK AG EV,WRI1005852,12.75,51.0513,13.0166,Gas,,,,1993.0,Kübler & Niethammer Papierfabrik Kriebstein AG,Open Power System Data,http://data.open-power-system-data.org/,Open Power System Data,,,,,,,,,,,,,,,49.41,NO-ESTIMATION,NO-ESTIMATION,NO-ESTIMATION,NO-ESTIMATION,CAPACITY-FACTOR-V1
13092,DEU,Germany,KW Kirchlengern,WRI1005909,201.5,52.1951,8.6482,Gas,,,,1980.0,Energieservice Westfalen Weser GmbH,Open Power System Data,http://data.open-power-system-data.org/,Open Power System Data,1015445,,,,,,,,,,,,,,780.89,NO-ESTIMATION,NO-ESTIMATION,NO-ESTIMATION,NO-ESTIMATION,CAPACITY-FACTOR-V1
13099,DEU,Germany,KWH,WRI1005919,102.0,52.3667,9.7167,Gas,,,,1975.0,Stadtwerke Hannover AG,Open Power System Data,http://data.open-power-system-data.org/,Open Power System Data,,,,,,6.21,,,,ENTSOE,,,,,395.29,NO-ESTIMATION,NO-ESTIMATION,NO-ESTIMATION,NO-ESTIMATION,CAPACITY-FACTOR-V1
13100,DEU,Germany,KWK AOS GmbH,WRI1005920,30.7,53.6575,9.502,Gas,,,,2012.0,Aluminium Oxid Stade GmbH,Open Power System Data,http://data.open-power-system-data.org/,Open Power System Data,,,,,,,,,,,,,,,118.97,NO-ESTIMATION,NO-ESTIMATION,NO-ESTIMATION,NO-ESTIMATION,CAPACITY-FACTOR-V1
13103,DEU,Germany,KWK-Anlage Barby,WRI1005924,18.0,51.9832,11.8766,Gas,,,,1993.0,Cargill Deutschland GmbH,Open Power System Data,http://data.open-power-system-data.org/,Open Power System Data,,,,,,,,,,,,,,,69.75,NO-ESTIMATION,NO-ESTIMATION,NO-ESTIMATION,NO-ESTIMATION,CAPACITY-FACTOR-V1
13104,DEU,Germany,KWK-Anlage Krefeld DT,WRI1005925,25.8,51.3392,6.6642,Gas,,,,2004.0,Cargill Deutschland GmbH,Open Power System Data,http://data.open-power-system-data.org/,Open Power System Data,,,,,,,,,,,,,,,99.98,NO-ESTIMATION,NO-ESTIMATION,NO-ESTIMATION,NO-ESTIMATION,CAPACITY-FACTOR-V1
13105,DEU,Germany,KWK-Anlage Krefeld VM,WRI1005926,14.0,51.3392,6.6642,Gas,,,,2004.0,Cargill Deutschland GmbH,Open Power System Data,http://data.open-power-system-data.org/,Open Power System Data,,,,,,,,,,,,,,,54.25,NO-ESTIMATION,NO-ESTIMATION,NO-ESTIMATION,NO-ESTIMATION,CAPACITY-FACTOR-V1
13106,DEU,Germany,KWKK Heidelberg,WRI1005927,13.5,49.4216,8.6728,Gas,,,,2002.0,RWE Energiedienstleistungen GmbH,Open Power System Data,http://data.open-power-system-data.org/,Open Power System Data,,,,,,,,,,,,,,,52.31,NO-ESTIMATION,NO-ESTIMATION,NO-ESTIMATION,NO-ESTIMATION,CAPACITY-FACTOR-V1
13122,DEU,Germany,Kessel 2,WRI1005859,2.9,50.777,6.486,Gas,,,,1967.0,Papierfabrik Schoellershammer Heinrich August Schoeller Söhne GmbH & Co. KG,Open Power System Data,http://data.open-power-system-data.org/,Open Power System Data,,,,,,,,,,,,,,,11.23,NO-ESTIMATION,NO-ESTIMATION,NO-ESTIMATION,NO-ESTIMATION,CAPACITY-FACTOR-V1
13124,DEU,Germany,Kesselhaus Zuckerfabrik,WRI1005861,15.1,53.8563,13.7101,Gas,,,,1993.0,Suiker Unie GmbH,Open Power System Data,http://data.open-power-system-data.org/,Open Power System Data,1114595,,,,,,,,,,,,,,58.51,NO-ESTIMATION,NO-ESTIMATION,NO-ESTIMATION,NO-ESTIMATION,CAPACITY-FACTOR-V1
13127,DEU,Germany,Kirchmöser,WRI1005862,160.0,52.3942,12.4181,Gas,,,,1994.0,E.ON Kraftwerke GmbH,Open Power System Data,http://data.open-power-system-data.org/,Open Power System Data,1032876,,,,,,,,,,,,,,620.06,NO-ESTIMATION,NO-ESTIMATION,NO-ESTIMATION,NO-ESTIMATION,CAPACITY-FACTOR-V1
13141,DEU,Germany,Knapsack Natural Gas I,WRI1005865,1230.0,50.8617,6.8424,Gas,,,,,Statkraft Markets GmbH,Open Power System Data,http://data.open-power-system-data.org/,Open Power System Data,,,,,507.734,2041.821,2030.346,,,JRC-PPDB-OPEN,,,,,4766.74,NO-ESTIMATION,NO-ESTIMATION,NO-ESTIMATION,NO-ESTIMATION,CAPACITY-FACTOR-V1
13146,DEU,Germany,Kombi-HKW,WRI1005870,50.0,51.2791,9.484,Gas,,,,1987.0,Städtische Werke Energie + Wärme GmbH,Open Power System Data,http://data.open-power-system-data.org/,Open Power System Data,,,,,,,,,,,,,,,193.77,NO-ESTIMATION,NO-ESTIMATION,NO-ESTIMATION,NO-ESTIMATION,CAPACITY-FACTOR-V1
13147,DEU,Germany,Kombikraftwerk,WRI1005871,46.6,51.4656,12.592,Gas,,,,1993.0,Stora Enso Sachsen GmbH,Open Power System Data,http://data.open-power-system-data.org/,Open Power System Data,,,,,,,,,,,,,,,180.59,NO-ESTIMATION,NO-ESTIMATION,NO-ESTIMATION,NO-ESTIMATION,CAPACITY-FACTOR-V1
13151,DEU,Germany,Kraftwerk 2,WRI1005875,34.2,50.5691,9.6813,Gas,,,,,Papierfabrik Adolf Jass Schwarza GmbH,Open Power System Data,http://data.open-power-system-data.org/,Open Power System Data,,,,,,,,,,,,,,,132.53,NO-ESTIMATION,NO-ESTIMATION,NO-ESTIMATION,NO-ESTIMATION,CAPACITY-FACTOR-V1
13156,DEU,Germany,Kraftwerk Grenzach-Wyhlen,WRI1005881,40.0,47.5397,7.7069,Gas,,,,2004.0,KGW - Kraftwerk Grenzach-Wyhlen GmbH,Open Power System Data,http://data.open-power-system-data.org/,Open Power System Data,,,,,,,,,,,,,,,155.01,NO-ESTIMATION,NO-ESTIMATION,NO-ESTIMATION,NO-ESTIMATION,CAPACITY-FACTOR-V1
13159,DEU,Germany,Kraftwerk III,WRI1005884,139.0,51.6804,7.0969,Gas,,,,,Evonik Degussa GmbH,Open Power System Data,http://data.open-power-system-data.org/,Open Power System Data,,,,,,,,,,,,,,,538.68,NO-ESTIMATION,NO-ESTIMATION,NO-ESTIMATION,NO-ESTIMATION,CAPACITY-FACTOR-V1
13161,DEU,Germany,Kraftwerk Mainz,WRI1005886,434.2,50.0264,8.2379,Gas,,,,2001.0,Kraftwerke Mainz-Wiesbaden AG,Open Power System Data,http://data.open-power-system-data.org/,Open Power System Data,1021311,,,,,1788.6,1686.558,,,JRC-PPDB-OPEN,,,,,1682.69,NO-ESTIMATION,NO-ESTIMATION,NO-ESTIMATION,NO-ESTIMATION,CAPACITY-FACTOR-V1
13162,DEU,Germany,Kraftwerk Meggle,WRI1005887,12.6,48.0564,12.1852,Gas,,,,2000.0,Molkerei MEGGLE Wasserburg GmbH & Co. KG,Open Power System Data,http://data.open-power-system-data.org/,Open Power System Data,,,,,,,,,,,,,,,48.83,NO-ESTIMATION,NO-ESTIMATION,NO-ESTIMATION,NO-ESTIMATION,CAPACITY-FACTOR-V1
13163,DEU,Germany,Kraftwerk Mitte,WRI1005888,490.0,49.5137,8.4316,Gas,,,,2005.0,BASF SE,Open Power System Data,http://data.open-power-system-data.org/,Open Power System Data,,,,,,1597.095,,,,ENTSOE,,,,,1898.94,NO-ESTIMATION,NO-ESTIMATION,NO-ESTIMATION,NO-ESTIMATION,CAPACITY-FACTOR-V1
13166,DEU,Germany,Kraftwerk Plattling,WRI1005891,97.9,48.7874,12.8825,Gas,,,,2010.0,Daimler AG / UPM GmbH,Open Power System Data,http://data.open-power-system-data.org/,Open Power System Data,,,,,,,,,,,,,,,379.4,NO-ESTIMATION,NO-ESTIMATION,NO-ESTIMATION,NO-ESTIMATION,CAPACITY-FACTOR-V1
13169,DEU,Germany,Kraftwerk Süd,WRI1005895,390.0,49.5136,8.4316,Gas,,,,1997.0,BASF SE,Open Power System Data,http://data.open-power-system-data.org/,Open Power System Data,,,,,,,,,,,,,,,1511.4,NO-ESTIMATION,NO-ESTIMATION,NO-ESTIMATION,NO-ESTIMATION,CAPACITY-FACTOR-V1
13217,DEU,Germany,Lichterfelde,WRI1005934,432.0,52.4252,13.3098,Gas,,,,,Vattenfall Europe Wärme AG,Open Power System Data,http://data.open-power-system-data.org/,Open Power System Data,1010989,,,,423.699,312.401,337.923,,,JRC-PPDB-OPEN,,,,,1674.17,NO-ESTIMATION,NO-ESTIMATION,NO-ESTIMATION,NO-ESTIMATION,CAPACITY-FACTOR-V1
13249,DEU,Germany,MT  Düren,WRI1005954,14.0,50.7728,6.49,Gas,,,,2011.0,Metsä Tissue GmbH Werk Düren,Open Power System Data,http://data.open-power-system-data.org/,Open Power System Data,,,,,,,,,,,,,,,54.25,NO-ESTIMATION,NO-ESTIMATION,NO-ESTIMATION,NO-ESTIMATION,CAPACITY-FACTOR-V1
13283,DEU,Germany,Mitte,WRI1005948,444.0,52.5117,13.4209,Gas,,,,1996.0,Vattenfall Europe Wärme AG,Open Power System Data,http://data.open-power-system-data.org/,Open Power System Data,,,,,1597.299,1763.113,2000.043,,,JRC-PPDB-OPEN,,,,,1720.67,NO-ESTIMATION,NO-ESTIMATION,NO-ESTIMATION,NO-ESTIMATION,CAPACITY-FACTOR-V1
13315,DEU,Germany,Natural Gas Turbine #1,WRI1006093,28.0,49.2095,7.936,Gas,,,,1975.0,Buchmann GmbH,Open Power System Data,http://data.open-power-system-data.org/,Open Power System Data,,,,,,,,,,,,,,,108.51,NO-ESTIMATION,NO-ESTIMATION,NO-ESTIMATION,NO-ESTIMATION,CAPACITY-FACTOR-V1
13316,DEU,Germany,Natural Gas Turbine #2,WRI1006095,19.5,51.6627,10.3531,Gas,,,,1978.0,Smurfit Kappa Herzberger Papierfabrik GmbH,Open Power System Data,http://data.open-power-system-data.org/,Open Power System Data,,,,,,,,,,,,,,,75.57,NO-ESTIMATION,NO-ESTIMATION,NO-ESTIMATION,NO-ESTIMATION,CAPACITY-FACTOR-V1
13317,DEU,Germany,Natural Gas Turbine #3,WRI1006101,36.0,51.1514,13.9776,Gas,,,,2014.0,Sachsenmilch Leppersdorf GmbH,Open Power System Data,http://data.open-power-system-data.org/,Open Power System Data,,,,,,,,,,,,,,,139.51,NO-ESTIMATION,NO-ESTIMATION,NO-ESTIMATION,NO-ESTIMATION,CAPACITY-FACTOR-V1
13318,DEU,Germany,Natural Gas Turbine #6,WRI1005706,217.8,51.2212,6.7319,Gas,,,,,Stadtwerke Düsseldorf AG,Open Power System Data,http://data.open-power-system-data.org/,Open Power System Data,,,,,,,,,,,,,,,844.06,NO-ESTIMATION,NO-ESTIMATION,NO-ESTIMATION,NO-ESTIMATION,CAPACITY-FACTOR-V1
13319,DEU,Germany,Natural Gas Turbine #7,WRI1005708,18.6,49.4059,11.1329,Gas,,,,,Prinovis Ltd. & Co. KG,Open Power System Data,http://data.open-power-system-data.org/,Open Power System Data,,,,,,,,,,,,,,,72.08,NO-ESTIMATION,NO-ESTIMATION,NO-ESTIMATION,NO-ESTIMATION,CAPACITY-FACTOR-V1
13320,DEU,Germany,Natural Gas Turbine #8,WRI1005972,28.8,48.401,10.9358,Gas,,,,2004.0,Stadtwerke Augsburg Energie GmbH,Open Power System Data,http://data.open-power-system-data.org/,Open Power System Data,,,,,,,,,,,,,,,111.61,NO-ESTIMATION,NO-ESTIMATION,NO-ESTIMATION,NO-ESTIMATION,CAPACITY-FACTOR-V1
13321,DEU,Germany,Natural Gas Turbine #9,WRI1005973,51.9,50.8305,6.9594,Gas,,,,1975.0,Basell Polyolefine GmbH,Open Power System Data,http://data.open-power-system-data.org/,Open Power System Data,,,,,,,,,,,,,,,201.13,NO-ESTIMATION,NO-ESTIMATION,NO-ESTIMATION,NO-ESTIMATION,CAPACITY-FACTOR-V1
13322,DEU,Germany,Natural Gas- u. Dampfturbinenanlage Südraum,WRI1005967,38.6,49.2137,6.9781,Gas,,,,2012.0,ZF Friedrichshafen AG,Open Power System Data,http://data.open-power-system-data.org/,Open Power System Data,,,,,,,,,,,,,,,149.59,NO-ESTIMATION,NO-ESTIMATION,NO-ESTIMATION,NO-ESTIMATION,CAPACITY-FACTOR-V1
13323,DEU,Germany,Natural Gasblock,WRI1005968,293.0,51.2214,6.7313,Gas,,,,1976.0,Stadtwerke Düsseldorf AG,Open Power System Data,http://data.open-power-system-data.org/,Open Power System Data,,,,,,,,,,,,,,,1135.49,NO-ESTIMATION,NO-ESTIMATION,NO-ESTIMATION,NO-ESTIMATION,CAPACITY-FACTOR-V1
13324,DEU,Germany,Natural Gaskraftwerk #1,WRI1005969,45.3,50.7055,6.6536,Gas,,,,1966.0,Smurfit Kappa Zülpich Papier GmbH,Open Power System Data,http://data.open-power-system-data.org/,Open Power System Data,,,,,,,,,,,,,,,175.55,NO-ESTIMATION,NO-ESTIMATION,NO-ESTIMATION,NO-ESTIMATION,CAPACITY-FACTOR-V1
13325,DEU,Germany,Natural Gasmotore,WRI1005971,23.3,47.8561,12.1341,Gas,,,,2011.0,Stadtwerke Rosenheim GmbH & Co. KG,Open Power System Data,http://data.open-power-system-data.org/,Open Power System Data,,,,,,,,,,,,,,,90.29,NO-ESTIMATION,NO-ESTIMATION,NO-ESTIMATION,NO-ESTIMATION,CAPACITY-FACTOR-V1
13380,DEU,Germany,Obernburg,WRI1005988,100.0,49.8293,9.1482,Gas,,,,,Kraftwerk Obernburg GmbH,Open Power System Data,http://data.open-power-system-data.org/,Open Power System Data,,,,,,,,,,,,,,,387.54,NO-ESTIMATION,NO-ESTIMATION,NO-ESTIMATION,NO-ESTIMATION,CAPACITY-FACTOR-V1
13399,DEU,Germany,P&L Werk Appeldorn,WRI1005992,11.4,51.7297,6.3586,Gas,,,,2004.0,Pfeifer & Langen Kommanditgesellschaft,Open Power System Data,http://data.open-power-system-data.org/,Open Power System Data,,,,,,,,,,,,,,,44.17,NO-ESTIMATION,NO-ESTIMATION,NO-ESTIMATION,NO-ESTIMATION,CAPACITY-FACTOR-V1
13403,DEU,Germany,P&L Werk Lage,WRI1005996,10.2,51.9861,8.8073,Gas,,,,1980.0,Pfeifer & Langen Kommanditgesellschaft,Open Power System Data,http://data.open-power-system-data.org/,Open Power System Data,,,,,,,,,,,,,,,39.52,NO-ESTIMATION,NO-ESTIMATION,NO-ESTIMATION,NO-ESTIMATION,CAPACITY-FACTOR-V1
13406,DEU,Germany,PKV Kraftwerk,WRI1006003,60.0,53.4032,8.1282,Gas,,,,1989.0,Papier- u. Kartonfabrik Varel GmbH & Co. KG,Open Power System Data,http://data.open-power-system-data.org/,Open Power System Data,1056143,,,,,,,,,,,,,,232.52,NO-ESTIMATION,NO-ESTIMATION,NO-ESTIMATION,NO-ESTIMATION,CAPACITY-FACTOR-V1
13410,DEU,Germany,PWG,WRI1006010,10.6,47.7895,11.0554,Gas,,,,,Peißenberger Wärmegesellschaft mbH,Open Power System Data,http://data.open-power-system-data.org/,Open Power System Data,,,,,,,,,,,,,,,41.07,NO-ESTIMATION,NO-ESTIMATION,NO-ESTIMATION,NO-ESTIMATION,CAPACITY-FACTOR-V1
13445,DEU,Germany,RAG Anthrazit Ibbenbüren GmbH,WRI1006014,33.4,52.2859,7.7461,Gas,,,,1985.0,RAG Anthrazit Ibbenbüren GmbH,Open Power System Data,http://data.open-power-system-data.org/,Open Power System Data,,,,,,,,,,,,,,,129.43,NO-ESTIMATION,NO-ESTIMATION,NO-ESTIMATION,NO-ESTIMATION,CAPACITY-FACTOR-V1
13470,DEU,Germany,Rheinhafen-Dampfkraftwerk,WRI1006025,353.0,49.013,8.304,Gas,,,,1998.0,EnBW Energie Baden-Württemberg AG,Open Power System Data,http://data.open-power-system-data.org/,WRI,,,,,,172.334,,,,ENTSOE,,,,,1368.01,NO-ESTIMATION,NO-ESTIMATION,NO-ESTIMATION,NO-ESTIMATION,CAPACITY-FACTOR-V1
13509,DEU,Germany,STW,WRI1006061,13.5,50.8741,13.3944,Gas,,,,2007.0,Schoeller Technocell GmbH & Co. KG,Open Power System Data,http://data.open-power-system-data.org/,Open Power System Data,,,,,,,,,,,,,,,52.31,NO-ESTIMATION,NO-ESTIMATION,NO-ESTIMATION,NO-ESTIMATION,CAPACITY-FACTOR-V1
13561,DEU,Germany,Sigmundshall,WRI1006047,19.0,52.4185,9.3681,Gas,,,,1974.0,K+S AG,Open Power System Data,http://data.open-power-system-data.org/,Open Power System Data,1020320,,,,,,,,,,,,,,73.63,NO-ESTIMATION,NO-ESTIMATION,NO-ESTIMATION,NO-ESTIMATION,CAPACITY-FACTOR-V1
13583,DEU,Germany,Spitzenlastkraftwerk Wolfen,WRI1006054,40.0,51.6431,12.2289,Gas,,,,1997.0,envia THERM GmbH,Open Power System Data,http://data.open-power-system-data.org/,Open Power System Data,,,,,,,,,,,,,,,155.01,NO-ESTIMATION,NO-ESTIMATION,NO-ESTIMATION,NO-ESTIMATION,CAPACITY-FACTOR-V1
13595,DEU,Germany,Steinitz,WRI1006058,11.4,52.83,11.1033,Gas,,,,1995.0,GDF SUEZ E&P DEUTSCHLAND GMBH,Open Power System Data,http://data.open-power-system-data.org/,Open Power System Data,1018264,,,,,,,,,,,,,,44.17,NO-ESTIMATION,NO-ESTIMATION,NO-ESTIMATION,NO-ESTIMATION,CAPACITY-FACTOR-V1
13608,DEU,Germany,Süd DT1,WRI1006062,79.7,48.1351,11.582,Gas,,,,1980.0,SWM Services GmbH,Open Power System Data,http://data.open-power-system-data.org/,Open Power System Data,,,,,,,,,,,,,,,308.86,NO-ESTIMATION,NO-ESTIMATION,NO-ESTIMATION,NO-ESTIMATION,CAPACITY-FACTOR-V1
13609,DEU,Germany,Süd DT60,WRI1006063,127.6,48.1351,11.582,Gas,,,,2004.0,SWM Services GmbH,Open Power System Data,http://data.open-power-system-data.org/,Open Power System Data,,,,,,,1641.411,,,JRC-PPDB-OPEN,,,,,494.5,NO-ESTIMATION,NO-ESTIMATION,NO-ESTIMATION,NO-ESTIMATION,CAPACITY-FACTOR-V1
13610,DEU,Germany,Süd GT 61,WRI1006064,444.6,48.1351,11.582,Gas,,,,2004.0,SWM Services GmbH,Open Power System Data,http://data.open-power-system-data.org/,Open Power System Data,,,,,,193.781,225.671,,,JRC-PPDB-OPEN,,,,,1723.0,NO-ESTIMATION,NO-ESTIMATION,NO-ESTIMATION,NO-ESTIMATION,CAPACITY-FACTOR-V1
13629,DEU,Germany,Thyrow,WRI1006068,296.0,52.2302,13.3019,Gas,,,,,Vattenfall Europe Generation AG,Open Power System Data,http://data.open-power-system-data.org/,Open Power System Data,1032914,,,,,,,,,,,,,,1147.11,NO-ESTIMATION,NO-ESTIMATION,NO-ESTIMATION,NO-ESTIMATION,CAPACITY-FACTOR-V1
13636,DEU,Germany,Trianel Natural Gaskraftwerk,WRI1006074,838.0,51.6739,7.9291,Gas,,,,2008.0,Trianel Natural Gaskraftwerk Hamm GmbH & Co. KG,Open Power System Data,http://data.open-power-system-data.org/,Open Power System Data,,,,,,,,,,,,,,,3247.58,NO-ESTIMATION,NO-ESTIMATION,NO-ESTIMATION,NO-ESTIMATION,CAPACITY-FACTOR-V1
13654,DEU,Germany,UPM Augsburg,WRI1006115,29.0,48.3801,10.9014,Gas,,,,1966.0,UPM GmbH,Open Power System Data,http://data.open-power-system-data.org/,Open Power System Data,,,,,,,,,,,,,,,112.38,NO-ESTIMATION,NO-ESTIMATION,NO-ESTIMATION,NO-ESTIMATION,CAPACITY-FACTOR-V1
13661,DEU,Germany,Unterbreizbach,WRI1006113,33.6,50.8132,9.9775,Gas,,,,1965.0,K+S AG,Open Power System Data,http://data.open-power-system-data.org/,Open Power System Data,,,,,,,,,,,,,,,130.21,NO-ESTIMATION,NO-ESTIMATION,NO-ESTIMATION,NO-ESTIMATION,CAPACITY-FACTOR-V1
13717,DEU,Germany,Werkskraftwerk Sappi Alfeld 2,WRI1006137,20.0,51.9851,9.8225,Gas,,,,1947.0,Sappi Alfeld GmbH,Open Power System Data,http://data.open-power-system-data.org/,Open Power System Data,1114593,,,,,,,,,,,,,,77.5,NO-ESTIMATION,NO-ESTIMATION,NO-ESTIMATION,NO-ESTIMATION,CAPACITY-FACTOR-V1
13746,DEU,Germany,Wintershall,WRI1006146,109.5,50.894,9.9972,Gas,,,,1967.0,K+S AG,Open Power System Data,http://data.open-power-system-data.org/,Open Power System Data,,,,,,,,,,,,,,,424.35,NO-ESTIMATION,NO-ESTIMATION,NO-ESTIMATION,NO-ESTIMATION,CAPACITY-FACTOR-V1
13764,DEU,Germany,X-Kraftwerk,WRI1006150,27.0,51.0144,6.9873,Gas,,,,1981.0,Currenta GmbH & Co. OHG,Open Power System Data,http://data.open-power-system-data.org/,Open Power System Data,,,,,,,,,,,,,,,104.63,NO-ESTIMATION,NO-ESTIMATION,NO-ESTIMATION,NO-ESTIMATION,CAPACITY-FACTOR-V1
13782,DEU,Germany,Zielitz,WRI1006153,52.0,52.2985,11.6796,Gas,,,,1996.0,K+S AG,Open Power System Data,http://data.open-power-system-data.org/,Open Power System Data,1020323,,,,,,,,,,,,,,201.52,NO-ESTIMATION,NO-ESTIMATION,NO-ESTIMATION,NO-ESTIMATION,CAPACITY-FACTOR-V1
